,LEI,M_change,Y_change,Slope,MA6,MA6_slope
1/1/1960,29.8,0.336700337,5.673758865,,,
2/1/1960,29.8,0,4.561403509,-1.112355356,,
3/1/1960,29.6,-0.67114094,2.068965517,-2.492437992,,
4/1/1960,29.7,0.337837838,2.06185567,-0.007109847,,
5/1/1960,29.7,0,1.365187713,-0.696667957,,
6/1/1960,29.8,0.336700337,1.360544218,-0.004643496,2.848619249,
7/1/1960,29.8,0,1.016949153,-0.343595065,2.072484297,-0.776134952
8/1/1960,29.9,0.33557047,1.700680272,0.68373112,1.59569709,-0.476787206
9/1/1960,30,0.334448161,2.040816327,0.340136054,1.591005559,-0.004691532
10/1/1960,30,0,2.389078498,0.348262172,1.645542697,0.054537138
11/1/1960,29.9,-0.333333333,2.749140893,0.360062395,1.87620156,0.230658863
12/1/1960,30,0.334448161,1.01010101,-1.739039883,1.817794359,-0.058407201
1/1/1961,30.2,0.666666667,1.342281879,0.332180869,1.87201648,0.054222121
2/1/1961,30.3,0.331125828,1.677852349,0.33557047,1.868211826,-0.003804654
3/1/1961,30.7,1.320132013,3.716216216,2.038363867,2.147445141,0.279233315
4/1/1961,31,0.977198697,4.377104377,0.660888161,2.478782788,0.331337646
5/1/1961,31.3,0.967741935,5.387205387,1.01010101,2.918460203,0.439677416
6/1/1961,31.7,1.277955272,6.375838926,0.988633539,3.812749856,0.894289653
7/1/1961,31.8,0.315457413,6.711409396,0.33557047,4.707604442,0.894854586
8/1/1961,32.3,1.572327044,8.026755853,1.315346457,5.765755026,1.058150584
9/1/1961,32.4,0.309597523,8,-0.026755853,6.47971899,0.713963964
10/1/1961,32.8,1.234567901,9.333333333,1.333333333,7.305757149,0.826038159
11/1/1961,33.3,1.524390244,11.37123746,2.037904125,8.303095828,0.997338678
12/1/1961,33.5,0.600600601,11.66666667,0.295429208,9.184900451,0.881804623
1/1/1962,33.6,0.298507463,11.25827815,-0.408388521,9.942711909,0.757811458
2/1/1962,34,1.19047619,12.21122112,0.952942976,10.64012279,0.697410878
3/1/1962,34.1,0.294117647,11.07491857,-1.136302555,11.15260922,0.512486428
4/1/1962,34.3,0.586510264,10.64516129,-0.429757276,11.37124721,0.218637993
5/1/1962,34.3,0,9.584664537,-1.060496754,11.07348505,-0.297762154
6/1/1962,34.2,-0.29154519,7.886435331,-1.698229206,10.4434465,-0.630038556
7/1/1962,34.4,0.584795322,8.176100629,0.289665298,9.929750246,-0.513696253
8/1/1962,34.6,0.581395349,7.120743034,-1.055357595,9.081337231,-0.848413015
9/1/1962,34.7,0.289017341,7.098765432,-0.021977602,8.418645042,-0.662692189
10/1/1962,34.8,0.288184438,6.097560976,-1.001204456,7.660711656,-0.757933386
11/1/1962,35.2,1.149425287,5.705705706,-0.39185527,7.014218518,-0.646493139
12/1/1962,35.3,0.284090909,5.373134328,-0.332571377,6.595335017,-0.4188835
1/1/1963,35.6,0.849858357,5.952380952,0.579246624,6.224715071,-0.370619946
2/1/1963,35.9,0.842696629,5.588235294,-0.364145658,5.969297115,-0.255417957
3/1/1963,36.2,0.835654596,6.158357771,0.570122477,5.812562505,-0.15673461
4/1/1963,36.6,1.104972376,6.705539359,0.547181587,5.913892235,0.10132973
5/1/1963,36.8,0.546448087,7.288629738,0.583090379,6.177712907,0.263820672
6/1/1963,37,0.543478261,8.187134503,0.898504765,6.646712936,0.469000029
7/1/1963,37.2,0.540540541,8.139534884,-0.047599619,7.011238591,0.364525655
8/1/1963,37.3,0.268817204,7.803468208,-0.336066676,7.380444077,0.369205486
9/1/1963,37.7,1.072386059,8.645533141,0.842064933,7.794973305,0.414529228
10/1/1963,38,0.795755968,9.195402299,0.549869158,8.209950462,0.414977157
11/1/1963,38.1,0.263157895,8.238636364,-0.956765935,8.3682849,0.158334438
12/1/1963,38.3,0.524934383,8.498583569,0.259947206,8.420193077,0.051908178
1/1/1964,38.5,0.522193211,8.146067416,-0.352516154,8.421281833,0.001088755
2/1/1964,38.9,1.038961039,8.356545961,0.210478545,8.513461458,0.092179625
3/1/1964,39,0.257069409,7.73480663,-0.621739331,8.361673706,-0.151787752
4/1/1964,39.3,0.769230769,7.37704918,-0.35775745,8.058614853,-0.303058853
5/1/1964,39.6,0.763358779,7.608695652,0.231646472,7.953624735,-0.104990119
6/1/1964,39.9,0.757575758,7.837837838,0.229142186,7.843500446,-0.110124289
7/1/1964,40.2,0.751879699,8.064516129,0.226678291,7.829908565,-0.013591881
8/1/1964,40.5,0.746268657,8.579088472,0.514572343,7.866998984,0.037090418
9/1/1964,40.9,0.987654321,8.48806366,-0.091024811,7.992541822,0.125542838
10/1/1964,40.9,0,7.631578947,-0.856484713,8.03496345,0.042421628
11/1/1964,41.2,0.733496333,8.13648294,0.504903992,8.122927998,0.087964548
12/1/1964,41.6,0.970873786,8.61618799,0.47970505,8.252653023,0.129725025
1/1/1965,42,0.961538462,9.090909091,0.474721101,8.423718517,0.171065494
2/1/1965,42.1,0.238095238,8.22622108,-0.864688011,8.364907285,-0.058811232
3/1/1965,42.5,0.950118765,8.974358974,0.748137895,8.445956504,0.081049219
4/1/1965,42.7,0.470588235,8.651399491,-0.322959483,8.615926594,0.169970091
5/1/1965,42.9,0.468384075,8.333333333,-0.318066158,8.648734993,0.032808399
6/1/1965,43.1,0.466200466,8.020050125,-0.313283208,8.549378682,-0.099356311
7/1/1965,43.3,0.464037123,7.711442786,-0.308607339,8.319467632,-0.229911051
8/1/1965,43.5,0.461893764,7.407407407,-0.304035379,8.182998686,-0.136468945
9/1/1965,43.8,0.689655172,7.090464548,-0.31694286,7.869016282,-0.313982404
10/1/1965,44.3,1.141552511,8.312958435,1.222493888,7.812609439,-0.056406843
11/1/1965,44.7,0.902934537,8.495145631,0.182187196,7.839578155,0.026968716
12/1/1965,45.1,0.894854586,8.413461538,-0.081684093,7.905146724,0.065568569
1/1/1966,45.3,0.44345898,7.857142857,-0.556318681,7.929430069,0.024283345
2/1/1966,45.5,0.441501104,8.076009501,0.218866644,8.040863752,0.111433682
3/1/1966,45.9,0.879120879,8,-0.076009501,8.192452994,0.151589242
4/1/1966,46.1,0.435729847,7.962529274,-0.037470726,8.134048134,-0.05840486
5/1/1966,45.9,-0.433839479,6.993006993,-0.969522281,7.883691694,-0.25035644
6/1/1966,45.8,-0.217864924,6.26450116,-0.728505833,7.525531631,-0.358160063
7/1/1966,45.7,-0.218340611,5.542725173,-0.721775987,7.13979535,-0.385736281
8/1/1966,45.6,-0.218818381,4.827586207,-0.715138966,6.598391468,-0.541403882
9/1/1966,45.5,-0.219298246,3.881278539,-0.946307668,5.911937891,-0.686453577
10/1/1966,45.4,-0.21978022,2.483069977,-1.398208561,4.998694675,-0.913243216
11/1/1966,45.4,0,1.565995526,-0.917074452,4.094192764,-0.904501911
12/1/1966,45.3,-0.220264317,0.44345898,-1.122536546,3.124019067,-0.970173697
1/1/1967,45.6,0.662251656,0.662251656,0.218792676,2.310606814,-0.813412253
2/1/1967,45.3,-0.657894737,-0.43956044,-1.101812095,1.43274904,-0.877857774
3/1/1967,45.6,0.662251656,-0.653594771,-0.214034332,0.676936821,-0.755812218
4/1/1967,45.7,0.219298246,-0.867678959,-0.214084188,0.118478665,-0.558458156
5/1/1967,46.1,0.875273523,0.435729847,1.303408806,-0.069898948,-0.188377613
6/1/1967,46.4,0.650759219,1.310043668,0.874313821,0.074531834,0.144430781
7/1/1967,46.7,0.646551724,2.188183807,0.878140139,0.328853859,0.254322025
8/1/1967,47.2,1.070663812,3.50877193,1.320588122,0.986909254,0.658055395
9/1/1967,47.3,0.211864407,3.956043956,0.447272026,1.755182375,0.768273121
10/1/1967,47.5,0.422832981,4.625550661,0.669506705,2.670720645,0.91553827
11/1/1967,47.8,0.631578947,5.286343612,0.660792952,3.479156272,0.808435627
12/1/1967,48.2,0.836820084,6.401766004,1.115422392,4.327776662,0.848620389
1/1/1968,48.3,0.20746888,5.921052632,-0.480713373,4.949921466,0.622144804
2/1/1968,48.5,0.414078675,7.06401766,1.142965028,5.542462421,0.592540955
3/1/1968,48.6,0.206185567,6.578947368,-0.485070292,5.97961299,0.437150569
4/1/1968,48.8,0.411522634,6.783369803,0.204422435,6.339249513,0.359636524
5/1/1968,49.1,0.614754098,6.507592191,-0.275777612,6.542790943,0.20354143
6/1/1968,49.3,0.407331976,6.25,-0.257592191,6.517496609,-0.025294334
7/1/1968,49.4,0.202839757,5.781584582,-0.468415418,6.494251934,-0.023244675
8/1/1968,49.2,-0.4048583,4.237288136,-1.544296447,6.023130347,-0.471121587
9/1/1968,49.7,1.016260163,5.073995772,0.836707636,5.772305081,-0.250825266
10/1/1968,50.1,0.804828974,5.473684211,0.399688439,5.554024149,-0.218280932
11/1/1968,50.2,0.199600798,5.020920502,-0.452763708,5.306245534,-0.247778615
12/1/1968,50.2,0,4.149377593,-0.871542909,4.956141799,-0.350103734
1/1/1969,50.3,0.199203187,4.140786749,-0.008590844,4.682675494,-0.273466305
2/1/1969,50.5,0.397614314,4.12371134,-0.017075409,4.663746028,-0.018929466
3/1/1969,50.6,0.198019802,4.115226337,-0.008485003,4.503951122,-0.159794906
4/1/1969,50.9,0.592885375,4.303278689,0.188052351,4.308883535,-0.195067587
5/1/1969,50.6,-0.589390963,3.054989817,-1.248288872,3.981228421,-0.327655114
6/1/1969,50.3,-0.592885375,2.028397566,-1.026592251,3.62773175,-0.353496671
7/1/1969,50,-0.596421471,1.214574899,-0.813822667,3.140029775,-0.487701975
8/1/1969,49.9,-0.2,1.422764228,0.208189329,2.689871923,-0.450157852
9/1/1969,50,0.200400802,0.60362173,-0.819142497,2.104604488,-0.585267435
10/1/1969,49.7,-0.6,-0.798403194,-1.402024924,1.254324174,-0.850280314
11/1/1969,49.5,-0.402414487,-1.394422311,-0.596019117,0.512755486,-0.741568688
12/1/1969,49.2,-0.606060606,-1.992031873,-0.597609562,-0.157316087,-0.670071573
1/1/1970,48.6,-1.219512195,-3.37972167,-1.387689797,-0.923032181,-0.765716095
2/1/1970,48.2,-0.823045267,-4.554455446,-1.174733776,-1.91923546,-0.996203279
3/1/1970,47.9,-0.622406639,-5.335968379,-0.781512934,-2.909167145,-0.989931685
4/1/1970,47.5,-0.835073069,-6.679764244,-1.343795864,-3.889393987,-0.980226842
5/1/1970,47.5,0,-6.126482213,0.55328203,-4.678070637,-0.78867665
6/1/1970,47.5,0,-5.566600398,0.559881816,-5.273832058,-0.595761421
7/1/1970,47.6,0.210526316,-4.8,0.766600398,-5.510545113,-0.236713055
8/1/1970,47.7,0.210084034,-4.408817635,0.391182365,-5.486272145,0.024272968
9/1/1970,47.7,0,-4.6,-0.191182365,-5.363610748,0.122661397
10/1/1970,47.6,-0.209643606,-4.225352113,0.374647887,-4.95454206,0.409068688
11/1/1970,47.6,0,-3.838383838,0.386968274,-4.573192331,0.381349729
12/1/1970,48.3,1.470588235,-1.829268293,2.009115546,-3.950303647,0.622888684
1/1/1971,48.5,0.414078675,-0.205761317,1.623506976,-3.184597199,0.765706447
2/1/1971,49,1.030927835,1.659751037,1.865512354,-2.173169087,1.011428112
3/1/1971,49.4,0.816326531,3.131524008,1.471772971,-0.884581752,1.288587335
4/1/1971,49.6,0.4048583,4.421052632,1.289528623,0.556485705,1.441067457
5/1/1971,49.9,0.60483871,5.052631579,0.631578947,2.038321608,1.481835903
6/1/1971,50,0.200400802,5.263157895,0.210526316,3.220392639,1.182071031
7/1/1971,50.2,0.4,5.462184874,0.199026979,4.165050337,0.944657698
8/1/1971,50.3,0.199203187,5.450733753,-0.011451121,4.79688079,0.631830453
9/1/1971,50.5,0.397614314,5.870020964,0.419287212,5.253296949,0.456416159
10/1/1971,50.8,0.594059406,6.722689076,0.852668111,5.636903023,0.383606074
11/1/1971,51,0.393700787,7.142857143,0.420168067,5.985273951,0.348370927
12/1/1971,51.6,1.176470588,6.832298137,-0.310559006,6.246797324,0.261523374
1/1/1972,52.1,0.968992248,7.422680412,0.590382276,6.573546581,0.326749256
2/1/1972,52.7,1.151631478,7.551020408,0.128339996,6.923594357,0.350047776
3/1/1972,53.1,0.759013283,7.489878543,-0.061141866,7.19357062,0.269976263
4/1/1972,53.4,0.564971751,7.661290323,0.17141178,7.350004161,0.156433541
5/1/1972,53.7,0.561797753,7.615230461,-0.046059862,7.428733047,0.078728886
6/1/1972,54,0.558659218,8,0.384769539,7.623350024,0.194616977
7/1/1972,54.4,0.740740741,8.366533865,0.366533865,7.780658933,0.157308909
8/1/1972,55.1,1.286764706,9.542743539,1.176209674,8.112612788,0.331953855
9/1/1972,55.7,1.08892922,10.2970297,0.754286164,8.580471315,0.467858527
10/1/1972,56.2,0.897666068,10.62992126,0.332891557,9.075243138,0.494771823
11/1/1972,56.7,0.889679715,11.17647059,0.546549328,9.668783159,0.593540021
12/1/1972,57.3,1.058201058,11.04651163,-0.12995896,10.1765351,0.507751938
1/1/1973,57.7,0.698080279,10.74856046,-0.297951167,10.57353953,0.397004433
2/1/1973,57.9,0.346620451,9.867172676,-0.881387785,10.62761105,0.054071523
3/1/1973,57.8,-0.172711572,8.851224105,-1.01594857,10.38664345,-0.2409676
4/1/1973,57.5,-0.519031142,7.677902622,-1.173321484,9.894640347,-0.492003106
5/1/1973,57.5,0,7.076350093,-0.601552529,9.211286931,-0.683353416
6/1/1973,57.4,-0.173913043,6.296296296,-0.780053797,8.419584375,-0.791702555
7/1/1973,57,-0.696864111,4.779411765,-1.516884532,7.424726259,-0.994858116
8/1/1973,56.5,-0.877192982,2.540834846,-2.238576919,6.203669955,-1.221056305
9/1/1973,56.2,-0.530973451,0.897666068,-1.643168778,4.878076948,-1.325593006
10/1/1973,56.1,-0.177935943,-0.177935943,-1.075602011,3.568770521,-1.309306427
11/1/1973,55.8,-0.534759358,-1.587301587,-1.409365644,2.124828574,-1.443941947
12/1/1973,55.2,-1.075268817,-3.664921466,-2.077619879,0.464625614,-1.66020296
1/1/1974,54.8,-0.724637681,-5.025996534,-1.361075068,-1.169609103,-1.634234716
2/1/1974,54.5,-0.547445255,-5.872193437,-0.846196903,-2.571780483,-1.40217138
3/1/1974,54.3,-0.366972477,-6.055363322,-0.183169885,-3.730618715,-1.158838232
4/1/1974,53.6,-1.289134438,-6.782608696,-0.727245374,-4.831397507,-1.100778792
5/1/1974,53.3,-0.559701493,-7.304347826,-0.52173913,-5.784238547,-0.95284104
6/1/1974,52.7,-1.125703565,-8.18815331,-0.883805484,-6.538110521,-0.753871974
7/1/1974,52.2,-0.948766603,-8.421052632,-0.232899321,-7.103953204,-0.565842683
8/1/1974,51.3,-1.724137931,-9.203539823,-0.782487191,-7.659177601,-0.555224398
9/1/1974,50.3,-1.949317739,-10.49822064,-1.294680818,-8.399653821,-0.74047622
10/1/1974,49.7,-1.192842942,-11.40819964,-0.909979003,-9.170585646,-0.770931825
11/1/1974,48.9,-1.609657948,-12.3655914,-0.957391754,-10.01412624,-0.843540595
12/1/1974,48,-1.840490798,-13.04347826,-0.677886863,-10.82334707,-0.809220825
1/1/1975,47.6,-0.833333333,-13.13868613,-0.095207871,-11.60961932,-0.78627225
2/1/1975,47.5,-0.210084034,-12.8440367,0.294649434,-12.2163688,-0.606749479
3/1/1975,47.3,-0.421052632,-12.89134438,-0.047307686,-12.61522275,-0.398853957
4/1/1975,47.9,1.268498943,-10.63432836,2.257016025,-12.4862442,0.128978548
5/1/1975,48.2,0.626304802,-9.5684803,1.065848058,-12.02005902,0.466185183
6/1/1975,48.6,0.829875519,-7.779886148,1.788594152,-11.14279367,0.877265352
7/1/1975,49.1,1.028806584,-5.938697318,1.84118883,-9.942795534,1.199998136
8/1/1975,49.2,0.203665988,-4.093567251,1.845130067,-8.48438396,1.458411574
9/1/1975,49.4,0.406504065,-1.789264414,2.304302838,-6.634037298,1.850346662
10/1/1975,49.8,0.809716599,0.201207243,1.990471657,-4.828114698,1.8059226
11/1/1975,50,0.401606426,2.249488753,2.048281509,-2.858453189,1.969661509
12/1/1975,50.3,0.6,4.791666667,2.542177914,-0.763194387,2.095258802
1/1/1976,51,1.391650099,7.142857143,2.351190476,1.41706469,2.180259077
2/1/1976,51.8,1.568627451,9.052631579,1.909774436,3.608097828,2.191033138
3/1/1976,52,0.386100386,9.936575053,0.883943474,5.562404406,1.954306578
4/1/1976,52.2,0.384615385,8.977035491,-0.959539562,7.025042447,1.462638041
5/1/1976,52.6,0.766283525,9.128630705,0.151595215,8.171566106,1.146523659
6/1/1976,52.8,0.380228137,8.641975309,-0.486655397,8.813284213,0.641718107
7/1/1976,53.3,0.946969697,8.553971487,-0.088003822,9.048469937,0.235185724
8/1/1976,53.5,0.375234522,8.739837398,0.185865912,8.996337574,-0.052132363
9/1/1976,53.8,0.560747664,8.906882591,0.167045193,8.824722163,-0.17161541
10/1/1976,53.9,0.185873606,8.232931727,-0.673950864,8.70070487,-0.124017294
11/1/1976,54.4,0.927643785,8.8,0.567068273,8.645933085,-0.054771784
12/1/1976,54.9,0.919117647,9.145129225,0.345129225,8.729792071,0.083858986
1/1/1977,54.9,0,7.647058824,-1.498070401,8.578639961,-0.151152111
2/1/1977,55.3,0.72859745,6.756756757,-0.890302067,8.24812652,-0.33051344
3/1/1977,56,1.265822785,7.692307692,0.935550936,8.045697371,-0.20242915
4/1/1977,56.2,0.357142857,7.662835249,-0.029472443,7.950681291,-0.09501608
5/1/1977,56.5,0.533807829,7.414448669,-0.24838658,7.719756069,-0.230925222
6/1/1977,56.9,0.707964602,7.765151515,0.350702846,7.489759784,-0.229996285
7/1/1977,56.9,0,6.754221388,-1.010930127,7.340953545,-0.148806239
8/1/1977,57.2,0.527240773,6.91588785,0.161666462,7.367475394,0.026521849
9/1/1977,57.3,0.174825175,6.505576208,-0.410311642,7.169686813,-0.197788581
10/1/1977,57.4,0.17452007,6.493506494,-0.012069715,6.974798687,-0.194888126
11/1/1977,57.6,0.348432056,5.882352941,-0.611153552,6.719449399,-0.255349288
12/1/1977,57.7,0.173611111,5.100182149,-0.782170792,6.275287839,-0.444161561
1/1/1978,57.3,-0.693240901,4.371584699,-0.72859745,5.878181724,-0.397106115
2/1/1978,57.6,0.523560209,4.159132007,-0.212452692,5.418722416,-0.459459307
3/1/1978,58.1,0.868055556,3.75,-0.409132007,4.959459715,-0.459262701
4/1/1978,58.8,1.204819277,4.62633452,0.87633452,4.648264386,-0.311195329
5/1/1978,59,0.340136054,4.424778761,-0.201555759,4.405335356,-0.24292903
6/1/1978,59.3,0.508474576,4.217926186,-0.206852575,4.258292696,-0.147042661
7/1/1978,59.2,-0.168634064,4.042179262,-0.175746924,4.203391789,-0.054900906
8/1/1978,59.6,0.675675676,4.195804196,0.153624934,4.209503821,0.006112031
9/1/1978,59.8,0.33557047,4.363001745,0.167197549,4.311670778,0.102166958
10/1/1978,59.9,0.16722408,4.355400697,-0.007601048,4.266515141,-0.045155637
11/1/1978,59.5,-0.667779633,3.298611111,-1.056789586,4.078820533,-0.187694608
12/1/1978,59.5,0,3.119584055,-0.179027056,3.895763511,-0.183057022
1/1/1979,59.2,-0.504201681,3.315881326,0.196297271,3.774713855,-0.121049656
2/1/1979,59.1,-0.168918919,2.604166667,-0.71171466,3.509440934,-0.265272922
3/1/1979,59.6,0.846023689,2.581755594,-0.022411073,3.212566575,-0.296874359
4/1/1979,58.5,-1.845637584,-0.510204082,-3.091959675,2.401632445,-0.81093413
5/1/1979,58.9,0.683760684,-0.169491525,0.340712556,1.823615339,-0.578017106
6/1/1979,58.5,-0.679117148,-1.349072513,-1.179580987,1.078839245,-0.744776095
7/1/1979,58.1,-0.683760684,-1.858108108,-0.509035595,0.216507672,-0.862331572
8/1/1979,57.8,-0.516351119,-3.020134228,-1.16202612,-0.72087581,-0.937383482
9/1/1979,57.5,-0.519031142,-3.846153846,-0.826019618,-1.79219405,-1.07131824
10/1/1979,56.9,-1.043478261,-5.008347245,-1.162193399,-2.541884578,-0.749690527
11/1/1979,56.3,-1.054481547,-5.378151261,-0.369804015,-3.409994534,-0.868109956
12/1/1979,55.8,-0.888099467,-6.218487395,-0.840336134,-4.221563681,-0.811569147
1/1/1980,55.7,-0.17921147,-5.912162162,0.306325233,-4.897239356,-0.675675676
2/1/1980,55.5,-0.359066427,-6.091370558,-0.179208396,-5.409112078,-0.511872722
3/1/1980,54.2,-2.342342342,-9.060402685,-2.969032126,-6.278153551,-0.869041473
4/1/1980,52.5,-3.136531365,-10.25641026,-1.196007572,-7.152830719,-0.874677169
5/1/1980,51.8,-1.333333333,-12.05432937,-1.797919115,-8.265527071,-1.112696352
6/1/1980,52,0.386100386,-11.11111111,0.943218261,-9.080964357,-0.815437286
7/1/1980,52.4,0.769230769,-9.810671256,1.300439855,-9.730715873,-0.649751516
8/1/1980,52.8,0.763358779,-8.650519031,1.160152225,-10.15724062,-0.426524745
9/1/1980,53.3,0.946969697,-7.304347826,1.346171205,-9.864564809,0.29267581
10/1/1980,53.7,0.750469043,-5.623901582,1.680446244,-9.09248003,0.772084779
11/1/1980,53.7,0,-4.618117229,1.005784353,-7.853111339,1.23936869
12/1/1980,53.4,-0.558659218,-4.301075269,0.31704196,-6.718105366,1.135005974
1/1/1981,52.8,-1.123595506,-5.206463196,-0.905387927,-5.950737355,0.76736801
2/1/1981,52.4,-0.757575758,-5.585585586,-0.37912239,-5.439915115,0.510822241
3/1/1981,52.6,0.381679389,-2.95202952,2.633556065,-4.71452873,0.725386384
4/1/1981,52.8,0.380228137,0.571428571,3.523458092,-3.681973705,1.032555026
5/1/1981,52.5,-0.568181818,1.351351351,0.77992278,-2.687062275,0.99491143
6/1/1981,52.1,-0.761904762,0.192307692,-1.159043659,-1.938165114,0.74889716
7/1/1981,51.7,-0.767754319,-1.335877863,-1.528185555,-1.293067559,0.645097556
8/1/1981,51.4,-0.580270793,-2.651515152,-1.315637289,-0.80405582,0.489011739
9/1/1981,50.7,-1.361867704,-4.87804878,-2.226533629,-1.12505903,-0.32100321
10/1/1981,50.4,-0.591715976,-6.145251397,-1.267202616,-2.244505691,-1.119446661
11/1/1981,50.2,-0.396825397,-6.517690875,-0.372439479,-3.556012729,-1.311507038
12/1/1981,50,-0.398406375,-6.367041199,0.150649677,-4.649237544,-1.093224815
1/1/1982,49.5,-1,-6.25,0.117041199,-5.4682579,-0.819020356
2/1/1982,49.8,0.606060606,-4.961832061,1.288167939,-5.853310719,-0.385052818
3/1/1982,49.5,-0.602409639,-5.893536122,-0.931704061,-6.022558609,-0.16924789
4/1/1982,49.5,0,-6.25,-0.356463878,-6.040016709,-0.017458101
5/1/1982,49.3,-0.404040404,-6.095238095,0.154761905,-5.969607913,0.070408797
6/1/1982,48.9,-0.811359026,-6.142034549,-0.046796454,-5.932106804,0.037501108
7/1/1982,49,0.204498978,-5.222437137,0.919597412,-5.760846327,0.171260477
8/1/1982,48.6,-0.816326531,-5.447470817,-0.22503368,-5.84178612,-0.080939793
9/1/1982,49,0.823045267,-3.353057199,2.094413618,-5.418372966,0.423413154
10/1/1982,49.2,0.408163265,-2.380952381,0.972104818,-4.773531696,0.64484127
11/1/1982,49.3,0.203252033,-1.792828685,0.588123696,-4.056463461,0.717068235
12/1/1982,49.7,0.811359026,-0.6,1.192828685,-3.132791037,0.923672425
1/1/1983,50.6,1.810865191,2.222222222,2.822222222,-1.892014477,1.24077656
2/1/1983,51.2,1.185770751,2.81124498,0.589022758,-0.515561844,1.376452633
3/1/1983,51.9,1.3671875,4.848484848,2.037239869,0.851361831,1.366923675
4/1/1983,52.3,0.770712909,5.656565657,0.808080808,2.19094817,1.33958634
5/1/1983,53.1,1.529636711,7.707910751,2.051345094,3.774404743,1.583456573
6/1/1983,53.8,1.31826742,10.0204499,2.312539147,5.544479726,1.770074983
7/1/1983,54.3,0.92936803,10.81632653,0.795876633,6.976830444,1.432350718
8/1/1983,54.5,0.368324125,12.1399177,1.323591165,8.53160923,1.554778786
9/1/1983,55.2,1.28440367,12.65306122,0.513143529,9.832371959,1.300762729
10/1/1983,55.9,1.268115942,13.61788618,0.964824954,11.15925871,1.326886754
11/1/1983,56.3,0.715563506,14.19878296,0.580896783,12.24107075,1.081812035
12/1/1983,56.9,1.065719361,14.48692153,0.288138568,12.98548269,0.744411939
1/1/1984,57.6,1.230228471,13.83399209,-0.652929434,13.48842695,0.502944261
2/1/1984,58.1,0.868055556,13.4765625,-0.357429595,13.71120108,0.222774134
3/1/1984,58.2,0.17211704,12.13872832,-1.337834176,13.62547893,-0.08572215
4/1/1984,58.5,0.515463918,11.85468451,-0.284043811,13.33161199,-0.293866944
5/1/1984,58.9,0.683760684,10.92278719,-0.931897318,12.78561269,-0.545999295
6/1/1984,59.1,0.339558574,9.851301115,-1.071486079,12.01300929,-0.772603402
7/1/1984,59.2,0.169204738,9.023941068,-0.827360047,11.21133412,-0.801675171
8/1/1984,59.3,0.168918919,8.80733945,-0.216601619,10.43313028,-0.778203842
9/1/1984,59.3,0,7.427536232,-1.379803218,9.647931595,-0.785198682
10/1/1984,59.5,0.337268128,6.440071556,-0.987464676,8.745496103,-0.902435493
11/1/1984,59.8,0.504201681,6.21669627,-0.223375286,7.961147615,-0.784348487
12/1/1984,60.2,0.668896321,5.799648506,-0.417047764,7.28587218,-0.675275435
1/1/1985,60.5,0.49833887,5.034722222,-0.764926284,6.621002373,-0.664869808
2/1/1985,60.8,0.495867769,4.647160069,-0.387562153,5.927639143,-0.69336323
3/1/1985,61.1,0.493421053,4.982817869,0.335657801,5.520186082,-0.40745306
4/1/1985,61.1,0,4.444444444,-0.538373425,5.187581564,-0.332604519
5/1/1985,61.4,0.490998363,4.244482173,-0.199962271,4.858879214,-0.328702349
6/1/1985,61.7,0.488599349,4.399323181,0.154841008,4.62549166,-0.233387554
7/1/1985,62,0.486223663,4.72972973,0.330406549,4.574659578,-0.050832082
8/1/1985,62.2,0.322580645,4.890387858,0.160658129,4.615197543,0.040537965
9/1/1985,62.4,0.321543408,5.227655987,0.337268128,4.656003896,0.040806353
10/1/1985,62.5,0.16025641,5.042016807,-0.18563918,4.755599289,0.099595394
11/1/1985,62.7,0.32,4.849498328,-0.192518479,4.856435315,0.100836026
12/1/1985,63,0.4784689,4.651162791,-0.198335537,4.898408583,0.041973268
1/1/1986,63.2,0.317460317,4.462809917,-0.188352873,4.853921948,-0.044486635
2/1/1986,63.4,0.316455696,4.276315789,-0.186494128,4.751576603,-0.102345345
3/1/1986,63.5,0.157728707,3.927986907,-0.348328883,4.53496509,-0.216611513
4/1/1986,63.8,0.472440945,4.41898527,0.490998363,4.4311265,-0.103838589
5/1/1986,64.1,0.470219436,4.397394137,-0.021591133,4.355775802,-0.075350698
6/1/1986,64.5,0.624024961,4.53808752,0.140693383,4.336929923,-0.018845878
7/1/1986,64.5,0,4.032258065,-0.505829456,4.265171281,-0.071758642
8/1/1986,64.7,0.310077519,4.019292605,-0.01296546,4.222334084,-0.042837197
9/1/1986,64.9,0.309119011,4.006410256,-0.012882348,4.235404642,0.013070558
10/1/1986,64.9,0,3.84,-0.166410256,4.138907097,-0.096497545
11/1/1986,65.2,0.462249615,3.987240829,0.147240829,4.070548213,-0.068358885
12/1/1986,65.6,0.613496933,4.126984127,0.139743298,4.00203098,-0.068517232
1/1/1987,65.6,0,3.797468354,-0.329515773,3.962899362,-0.039131618
2/1/1987,66,0.609756098,4.100946372,0.303478018,3.976508323,0.013608961
3/1/1987,66.2,0.303030303,4.251968504,0.151022132,4.017434698,0.040926375
4/1/1987,66.3,0.151057402,3.918495298,-0.333473206,4.030517247,0.01308255
5/1/1987,66.5,0.301659125,3.744149766,-0.174345532,3.99000207,-0.040515177
6/1/1987,66.8,0.45112782,3.565891473,-0.178258293,3.896486628,-0.093515442
7/1/1987,67.1,0.449101796,4.031007752,0.465116279,3.935409861,0.038923233
8/1/1987,67.3,0.298062593,4.018547141,-0.012460611,3.921676656,-0.013733205
9/1/1987,67.7,0.59435364,4.314329738,0.295782597,3.932070195,0.010393539
10/1/1987,67.9,0.295420975,4.622496148,0.30816641,4.04940367,0.117333475
11/1/1987,67.6,-0.441826215,3.680981595,-0.941514553,4.038875641,-0.010528028
12/1/1987,67.7,0.147928994,3.201219512,-0.479762083,3.978096981,-0.06077866
1/1/1988,67.9,0.295420975,3.506097561,0.304878049,3.890611949,-0.087485032
2/1/1988,68.4,0.736377025,3.636363636,0.130266075,3.826914698,-0.063697251
3/1/1988,68.7,0.438596491,3.776435045,0.140071409,3.737265583,-0.089649115
4/1/1988,68.8,0.145560408,3.770739065,-0.00569598,3.595306069,-0.141959514
5/1/1988,69.1,0.436046512,3.909774436,0.139035371,3.633438209,0.03813214
6/1/1988,69.5,0.578871201,4.041916168,0.132141732,3.773554319,0.140116109
7/1/1988,69.5,0,3.576751118,-0.46516505,3.785329911,0.011775593
8/1/1988,69.7,0.287769784,3.566121842,-0.010629275,3.773622946,-0.011706966
9/1/1988,69.9,0.286944046,3.249630724,-0.316491119,3.685822225,-0.08780072
10/1/1988,70.1,0.286123033,3.24005891,-0.009571814,3.597375533,-0.088446692
11/1/1988,70.3,0.285306705,3.99408284,0.75402393,3.611426934,0.014051401
12/1/1988,70.4,0.142247511,3.988183161,-0.005899679,3.602471433,-0.008955501
1/1/1989,70.6,0.284090909,3.976435935,-0.011747226,3.669085569,0.066614136
2/1/1989,70.5,-0.141643059,3.070175439,-0.906260497,3.586427835,-0.082657734
3/1/1989,70.2,-0.425531915,2.183406114,-0.886769325,3.408723733,-0.177704102
4/1/1989,70.3,0.142450142,2.180232558,-0.003173555,3.232086008,-0.176637725
5/1/1989,70.1,-0.284495021,1.447178003,-0.733054555,2.807601868,-0.42448414
6/1/1989,70,-0.142653352,0.71942446,-0.727753542,2.262808751,-0.544793117
7/1/1989,69.7,-0.428571429,0.287769784,-0.431654676,1.64803106,-0.614777692
8/1/1989,69.9,0.286944046,0.286944046,-0.000825738,1.184159161,-0.463871899
9/1/1989,69.9,0,0,-0.286944046,0.820258142,-0.363901019
10/1/1989,69.7,-0.286123033,-0.570613409,-0.570613409,0.361783814,-0.458474328
11/1/1989,69.8,0.143472023,-0.711237553,-0.140624144,0.002047888,-0.359735926
12/1/1989,69.8,0,-0.852272727,-0.141035174,-0.259901643,-0.261949531
1/1/1990,69.7,-0.143266476,-1.274787535,-0.422514808,-0.520327863,-0.26042622
2/1/1990,69.5,-0.286944046,-1.418439716,-0.143652181,-0.80455849,-0.284230627
3/1/1990,69.6,0.143884892,-0.854700855,0.563738862,-0.947008633,-0.142450142
4/1/1990,69.3,-0.431034483,-1.422475107,-0.567774252,-1.088985582,-0.14197695
5/1/1990,69.3,0,-1.141226819,0.281248288,-1.16065046,-0.071664878
6/1/1990,69.3,0,-1,0.141226819,-1.185271672,-0.024621212
7/1/1990,69,-0.432900433,-1.004304161,-0.004304161,-1.14019111,0.045080562
8/1/1990,68,-1.449275362,-2.718168813,-1.713864652,-1.356812626,-0.216621516
9/1/1990,67.2,-1.176470588,-3.862660944,-1.144492132,-1.858139307,-0.501326682
10/1/1990,66.3,-1.339285714,-4.87804878,-1.015387836,-2.434068253,-0.575928946
11/1/1990,65.1,-1.809954751,-6.733524355,-1.855475575,-3.366117842,-0.932049589
12/1/1990,64.4,-1.075268817,-7.736389685,-1.00286533,-4.488849456,-1.122731614
1/1/1991,63.6,-1.242236025,-8.7517934,-1.015403715,-5.780097663,-1.291248207
2/1/1991,63.4,-0.314465409,-8.776978417,-0.025185017,-6.789899264,-1.009801601
3/1/1991,63.1,-0.47318612,-9.33908046,-0.562102043,-7.70263585,-0.912736586
4/1/1991,63.7,0.950871632,-8.080808081,1.258272379,-8.236429066,-0.533793217
5/1/1991,64.2,0.784929356,-7.359307359,0.721500722,-8.340726234,-0.104297167
6/1/1991,64.2,0,-7.359307359,0,-8.277879179,0.062847054
7/1/1991,64.9,1.090342679,-5.942028986,1.417278374,-7.80958511,0.468294069
8/1/1991,65,0.154083205,-4.411764706,1.53026428,-7.082049492,0.727535619
9/1/1991,65.4,0.615384615,-2.678571429,1.733193277,-5.971964653,1.110084839
10/1/1991,65.4,0,-1.357466063,1.321105365,-4.85140765,1.120557003
11/1/1991,65.3,-0.152905199,0.307219662,1.664685725,-3.573653147,1.277754504
12/1/1991,65.1,-0.306278714,1.086956522,0.77973686,-2.1659425,1.407710647
1/1/1992,65.6,0.768049155,3.144654088,2.057697566,-0.651495321,1.514447179
2/1/1992,65.8,0.304878049,3.785488959,0.640834871,0.714713623,1.366208944
3/1/1992,66.4,0.911854103,5.229793978,1.444305019,2.032774524,1.318060901
4/1/1992,66.9,0.753012048,5.023547881,-0.206246097,3.096276848,1.063502324
5/1/1992,67.4,0.747384155,4.984423676,-0.039124205,3.875810851,0.779534002
6/1/1992,67.7,0.445103858,5.451713396,0.46728972,4.60327033,0.727459479
7/1/1992,67.9,0.295420975,4.622496148,-0.829217248,4.84957734,0.24630701
8/1/1992,68.3,0.58910162,5.076923077,0.454426929,5.064816359,0.21523902
9/1/1992,68.4,0.146412884,4.587155963,-0.489767114,4.957710023,-0.107106336
10/1/1992,68.6,0.292397661,4.892966361,0.305810398,4.935946437,-0.021763587
11/1/1992,69.2,0.874635569,5.972434916,1.079468555,5.100614977,0.16466854
12/1/1992,70.1,1.300578035,7.680491551,1.708056636,5.472078003,0.371463026
1/1/1993,70.5,0.570613409,7.469512195,-0.210979356,5.946580677,0.474502675
2/1/1993,70.9,0.567375887,7.750759878,0.281247683,6.392220144,0.445639467
3/1/1993,70.8,-0.141043724,6.626506024,-1.124253854,6.732111821,0.339891677
4/1/1993,71.3,0.706214689,6.576980568,-0.049525456,7.012780855,0.280669035
5/1/1993,71.4,0.140252454,5.934718101,-0.642262467,7.00649472,-0.006286136
6/1/1993,71.7,0.420168067,5.908419498,-0.026298603,6.711149377,-0.295345342
7/1/1993,71.7,0,5.59646539,-0.311954108,6.39897491,-0.312174467
8/1/1993,72.2,0.69735007,5.710102489,0.113637099,6.058865345,-0.340109565
9/1/1993,72.6,0.55401662,6.140350877,0.430248388,5.977839487,-0.081025858
10/1/1993,72.9,0.41322314,6.268221574,0.127870697,5.926379655,-0.051459832
11/1/1993,73.3,0.548696845,5.924855491,-0.343366083,5.924735887,-0.001643768
12/1/1993,74.3,1.36425648,5.991440799,0.066585308,5.93857277,0.013836884
1/1/1994,74.2,-0.134589502,5.24822695,-0.743213849,5.88053303,-0.05803974
2/1/1994,74.4,0.269541779,4.936530324,-0.311696626,5.751604336,-0.128928694
3/1/1994,75.5,1.478494624,6.638418079,1.701887755,5.834615536,0.0830112
4/1/1994,76,0.662251656,6.591865358,-0.046552721,5.888556167,0.053940631
5/1/1994,76.3,0.394736842,6.862745098,0.27087974,6.044871101,0.156314934
6/1/1994,77,0.917431193,7.391910739,0.529165641,6.278282758,0.233411657
7/1/1994,77.3,0.38961039,7.810320781,0.418410042,6.705298397,0.427015638
8/1/1994,77.9,0.776196636,7.894736842,0.084416061,7.198332816,0.49303442
9/1/1994,78.3,0.513478819,7.851239669,-0.043497173,7.400469748,0.202136932
10/1/1994,78.9,0.766283525,8.230452675,0.379213005,7.673567634,0.273097886
11/1/1994,79.1,0.253485425,7.912687585,-0.31776509,7.848558049,0.174990415
12/1/1994,79.6,0.632111252,7.133243607,-0.779443978,7.80544686,-0.043111189
1/1/1995,79.7,0.125628141,7.412398922,0.279155315,7.73912655,-0.06632031
2/1/1995,79.7,0,7.123655914,-0.288743008,7.610613062,-0.128513488
3/1/1995,79.6,-0.125470514,5.430463576,-1.693192338,7.20715038,-0.403462682
4/1/1995,79.6,0,4.736842105,-0.693621471,6.624881952,-0.582268428
5/1/1995,79.5,-0.125628141,4.193971166,-0.542870939,6.005095882,-0.61978607
6/1/1995,79.6,0.125786164,3.376623377,-0.81734779,5.37899251,-0.626103372
7/1/1995,79.5,-0.125628141,2.846054334,-0.530569043,4.617935079,-0.761057431
8/1/1995,80,0.628930818,2.6957638,-0.150290534,3.87995306,-0.737982019
9/1/1995,80.2,0.25,2.426564496,-0.269199304,3.379303213,-0.500649847
10/1/1995,80.1,-0.124688279,1.520912548,-0.905651948,2.843314953,-0.53598826
11/1/1995,80.1,0,1.264222503,-0.256690044,2.355023509,-0.488291444
12/1/1995,80.2,0.124843945,0.753768844,-0.510453659,1.917881087,-0.437142422
1/1/1996,78.7,-1.87032419,-1.254705144,-2.008473989,1.234421174,-0.683459913
2/1/1996,79.6,1.143583227,-0.125470514,1.12923463,0.764215455,-0.470205719
3/1/1996,79.8,0.251256281,0.251256281,0.376726796,0.401664086,-0.362551369
4/1/1996,80.2,0.501253133,0.753768844,0.502512563,0.273806802,-0.127857284
5/1/1996,80.9,0.872817955,1.761006289,1.007237445,0.3566041,0.082797298
6/1/1996,81.4,0.618046972,2.261306533,0.500300243,0.607860381,0.251256281
7/1/1996,81.3,-0.122850123,2.264150943,0.002844411,1.194336396,0.586476015
8/1/1996,81.5,0.24600246,1.875,-0.389150943,1.527748148,0.333411752
9/1/1996,81.7,0.245398773,1.87032419,-0.00467581,1.7975928,0.269844651
10/1/1996,82,0.367197062,2.372034956,0.501710767,2.067303819,0.269711019
11/1/1996,82.5,0.609756098,2.996254682,0.624219725,2.273178551,0.205874732
12/1/1996,82.6,0.121212121,2.992518703,-0.003735978,2.395047246,0.121868695
1/1/1997,83.1,0.605326877,5.590851334,2.598332631,2.949497311,0.554450065
2/1/1997,84.2,1.323706378,5.778894472,0.188043138,3.60014639,0.650649079
3/1/1997,84.6,0.475059382,6.015037594,0.236143122,4.290931957,0.690785567
4/1/1997,84.7,0.11820331,5.610972569,-0.404065025,4.830754892,0.539822935
5/1/1997,85.3,0.708382527,5.43881335,-0.172159219,5.237848004,0.407093111
6/1/1997,85.8,0.586166471,5.405405405,-0.033407944,5.639995787,0.402147784
7/1/1997,86.8,1.165501166,6.765067651,1.359662245,5.835698507,0.195702719
8/1/1997,87,0.230414747,6.748466258,-0.016601393,5.997293804,0.161595298
9/1/1997,87.7,0.804597701,7.343941248,0.595474991,6.218777747,0.221483942
10/1/1997,87.9,0.228050171,7.195121951,-0.148819297,6.482802644,0.264024897
11/1/1997,88.1,0.227531286,6.787878788,-0.407243163,6.707646884,0.22484424
12/1/1997,88.4,0.340522134,7.021791768,0.23391298,6.977044611,0.269397727
1/1/1998,88.4,0,6.377858002,-0.643933765,6.912509669,-0.064534941
2/1/1998,89.3,1.018099548,6.057007126,-0.320850877,6.797266481,-0.115243189
3/1/1998,89.4,0.111982083,5.673758865,-0.383248261,6.51890275,-0.278363731
4/1/1998,89.3,-0.111856823,5.430932704,-0.242826162,6.224871209,-0.294031541
5/1/1998,89.8,0.559910414,5.275498242,-0.155434462,5.972807784,-0.252063424
6/1/1998,89.2,-0.668151448,3.962703963,-1.312794279,5.462959817,-0.509847967
7/1/1998,89.4,0.224215247,2.995391705,-0.967312258,4.899215434,-0.563744383
8/1/1998,89.6,0.223713647,2.988505747,-0.006885958,4.387798538,-0.511416896
9/1/1998,89,-0.669642857,1.482326112,-1.506179635,3.689226412,-0.698572126
10/1/1998,88.6,-0.449438202,0.796359499,-0.685966612,2.916797545,-0.772428867
11/1/1998,88.8,0.225733634,0.794551646,-0.001807854,2.169973112,-0.746824433
12/1/1998,89.1,0.337837838,0.791855204,-0.002696442,1.641498319,-0.528474793
1/1/1999,88.9,-0.224466891,0.56561086,-0.226244344,1.236534845,-0.404963474
2/1/1999,89.4,0.562429696,0.111982083,-0.453628777,0.757114234,-0.479420611
3/1/1999,89.5,0.111856823,0.111856823,-0.00012526,0.528702686,-0.228411548
4/1/1999,89.5,0,0.223964166,0.112107342,0.433303464,-0.095399222
5/1/1999,90,0.558659218,0.222717149,-0.001247017,0.337997714,-0.095305749
6/1/1999,90.3,0.333333333,1.233183857,1.010466707,0.41155249,0.073554775
7/1/1999,90.6,0.332225914,1.342281879,0.109098023,0.540997659,0.12944517
8/1/1999,90.8,0.220750552,1.339285714,-0.002996165,0.745548265,0.204550605
9/1/1999,90.8,0,2.02247191,0.683186196,1.063984113,0.318435848
10/1/1999,91.1,0.330396476,2.821670429,0.799198519,1.496935156,0.432951044
11/1/1999,91.6,0.54884742,3.153153153,0.331482724,1.985341157,0.488406001
12/1/1999,92.4,0.873362445,3.703703704,0.550550551,2.397094465,0.411753308
1/1/2000,92.9,0.541125541,4.49943757,0.795733867,2.92328708,0.526192615
2/1/2000,92.3,-0.645855759,3.243847875,-1.255589696,3.240714107,0.317427027
3/1/2000,93.2,0.975081257,4.134078212,0.890230338,3.592648491,0.351934384
4/1/2000,93.4,0.214592275,4.357541899,0.223463687,3.848627069,0.255978578
5/1/2000,92.4,-1.070663812,2.666666667,-1.690875233,3.767545988,-0.081081081
6/1/2000,92.6,0.216450216,2.547065338,-0.119601329,3.574772927,-0.192773061
7/1/2000,92.2,-0.431965443,1.766004415,-0.781060923,3.119200734,-0.455572193
8/1/2000,91.6,-0.650759219,0.881057269,-0.884947146,2.7254023,-0.393798434
9/1/2000,92,0.436681223,1.321585903,0.440528634,2.256653582,-0.468748718
10/1/2000,91,-1.086956522,-0.109769484,-1.431355387,1.512101685,-0.744551897
11/1/2000,90.3,-0.769230769,-1.419213974,-1.30944449,0.831121578,-0.680980107
12/1/2000,89,-1.439645626,-3.67965368,-2.260439706,-0.206664925,-1.037786503
1/1/2001,88.4,-0.674157303,-4.843918192,-1.164264512,-1.308318693,-1.101653768
2/1/2001,87.4,-1.131221719,-5.308775731,-0.46485754,-2.339957526,-1.031638833
3/1/2001,86.1,-1.487414188,-7.618025751,-2.30925002,-3.829892802,-1.489935276
4/1/2001,85.2,-1.045296167,-8.779443255,-1.161417504,-5.27483843,-1.444945628
5/1/2001,85.5,0.352112676,-7.467532468,1.311910787,-6.282891513,-1.008053082
6/1/2001,85,-0.584795322,-8.207343413,-0.739810945,-7.037506468,-0.754614955
7/1/2001,84.8,-0.235294118,-8.026030369,0.181313044,-7.567858498,-0.53035203
8/1/2001,84.7,-0.117924528,-7.532751092,0.493279277,-7.938521058,-0.37066256
9/1/2001,83.1,-1.889020071,-9.673913043,-2.141161952,-8.28116894,-0.342647882
10/1/2001,82.5,-0.722021661,-9.340659341,0.333253703,-8.374704954,-0.093536014
11/1/2001,83.1,0.727272727,-7.973421927,1.367237414,-8.459019864,-0.08431491
12/1/2001,83.7,0.722021661,-5.95505618,2.018365747,-8.083638659,0.375381205
1/1/2002,83.7,0,-5.316742081,0.638314098,-7.632090611,0.451548048
2/1/2002,84.5,0.955794504,-3.318077803,1.998664278,-6.929645063,0.702445548
3/1/2002,84.8,0.355029586,-1.509872242,1.808205562,-5.568971596,1.360673467
4/1/2002,85.5,0.825471698,0.352112676,1.861984918,-3.953509593,1.615462003
5/1/2002,86.2,0.81871345,0.81871345,0.466600774,-2.488153697,1.465355896
6/1/2002,86.4,0.232018561,1.647058824,0.828345373,-1.221134529,1.267019167
7/1/2002,86,-0.462962963,1.41509434,-0.231964484,-0.099161793,1.121972737
8/1/2002,86.2,0.23255814,1.770956316,0.355861977,0.749010561,0.848172353
9/1/2002,85.8,-0.464037123,3.249097473,1.478141157,1.54217218,0.793161619
10/1/2002,85.7,-0.116550117,3.878787879,0.629690406,2.12995138,0.5877792
11/1/2002,86.3,0.700116686,3.85078219,-0.028005689,2.63529617,0.50534479
12/1/2002,86.2,-0.115874855,2.986857826,-0.863924365,2.858596004,0.223299834
1/1/2003,86.4,0.232018561,3.225806452,0.238948626,3.160381356,0.301785352
2/1/2003,86.2,-0.231481481,2.01183432,-1.213972132,3.20052769,0.040146334
3/1/2003,86.1,-0.116009281,1.533018868,-0.478815452,2.914514589,-0.286013101
4/1/2003,85.8,-0.348432056,0.350877193,-1.182141675,2.326529475,-0.587985114
5/1/2003,86.7,1.048951049,0.580046404,0.229169211,1.781406844,-0.545122631
6/1/2003,87.4,0.807381776,1.157407407,0.577361004,1.476498441,-0.304908403
7/1/2003,87.7,0.343249428,1.976744186,0.819336779,1.268321396,-0.208177044
8/1/2003,88.3,0.684150513,2.436194896,0.45945071,1.339048159,0.070726763
9/1/2003,89.3,1.132502831,4.079254079,1.643059184,1.763420694,0.424372535
10/1/2003,90.2,1.007838746,5.250875146,1.171621067,2.58008702,0.816666325
11/1/2003,91.2,1.10864745,5.677867903,0.426992757,3.429723936,0.849636916
12/1/2003,92.1,0.986842105,6.844547564,1.166679661,4.377580629,0.947856693
1/1/2004,92.9,0.868621064,7.523148148,0.678600584,5.301981289,0.92440066
2/1/2004,93.7,0.861141012,8.700696056,1.177547908,6.346064816,1.044083527
3/1/2004,95,1.387406617,10.33681765,1.636121598,7.388992078,1.042927262
4/1/2004,95.2,0.210526316,10.95571096,0.618893302,8.339798047,0.950805968
5/1/2004,96.1,0.945378151,10.84198385,-0.113727103,9.200484038,0.860685992
6/1/2004,96.5,0.416233091,10.41189931,-0.430084539,9.795042663,0.594558625
7/1/2004,97,0.518134715,10.60433295,0.19243364,10.30857346,0.513530801
8/1/2004,97.5,0.515463918,10.41902605,-0.185306906,10.5949618,0.286388332
9/1/2004,98.1,0.615384615,9.854423292,-0.564602755,10.51456274,-0.08039906
10/1/2004,98.4,0.305810398,9.090909091,-0.763514201,10.20376242,-0.310800311
11/1/2004,99.1,0.711382114,8.662280702,-0.428628389,9.840478567,-0.363283858
12/1/2004,100,0.908173562,8.577633008,-0.084647694,9.534767516,-0.305711051
1/1/2005,100.5,0.5,8.180839612,-0.396793395,9.130851959,-0.403915557
2/1/2005,101,0.497512438,7.790821772,-0.390017841,8.692817913,-0.438034046
3/1/2005,100.6,-0.396039604,5.894736842,-1.89608493,8.032870171,-0.659947742
4/1/2005,101.2,0.596421471,6.302521008,0.407784166,7.568138824,-0.464731347
5/1/2005,100.9,-0.296442688,4.994797086,-1.307723922,6.956891555,-0.611247269
6/1/2005,101.7,0.792864222,5.388601036,0.39380395,6.425386226,-0.531505329
7/1/2005,101.7,0,4.845360825,-0.543240212,5.869473095,-0.555913131
8/1/2005,102.4,0.688298918,5.025641026,0.180280201,5.408609637,-0.460863458
9/1/2005,101.7,-0.68359375,3.669724771,-1.355916255,5.037774292,-0.370835345
10/1/2005,102.1,0.393313668,3.760162602,0.090437831,4.614047891,-0.423726401
11/1/2005,102.7,0.587659158,3.632694248,-0.127468353,4.387030751,-0.22701714
12/1/2005,102.7,0,2.7,-0.932694248,3.938930578,-0.448100173
1/1/2006,103.5,0.778967868,2.985074627,0.285074627,3.628882879,-0.3100477
2/1/2006,103.5,0,2.475247525,-0.509827102,3.203817295,-0.425065583
3/1/2006,103.7,0.193236715,3.081510934,0.60626341,3.105781656,-0.098035639
4/1/2006,103.2,-0.482160077,1.976284585,-1.105226349,2.808468653,-0.297313003
5/1/2006,102.6,-0.581395349,1.684836472,-0.291448113,2.48382569,-0.324642963
6/1/2006,102.4,-0.194931774,0.688298918,-0.996537553,2.148542177,-0.335283514
7/1/2006,102,-0.390625,0.294985251,-0.393313668,1.700193948,-0.448348229
8/1/2006,101.7,-0.294117647,-0.68359375,-0.978579001,1.173720402,-0.526473546
9/1/2006,101.6,-0.098328417,-0.098328417,0.585265333,0.643747176,-0.529973225
10/1/2006,101.5,-0.098425197,-0.587659158,-0.489330741,0.216423219,-0.427323957
11/1/2006,101.2,-0.295566502,-1.460564752,-0.872905594,-0.307810318,-0.524233537
12/1/2006,101.6,0.395256917,-1.071080818,0.389483934,-0.601040274,-0.293229956
1/1/2007,101.3,-0.295275591,-2.125603865,-1.054523047,-1.004471793,-0.403431519
2/1/2007,101.2,-0.098716683,-2.222222222,-0.096618357,-1.260909872,-0.256438079
3/1/2007,101.7,0.494071146,-1.928640309,0.293581914,-1.565961854,-0.305051982
4/1/2007,101.4,-0.294985251,-1.744186047,0.184454262,-1.758716335,-0.192754481
5/1/2007,101.4,0,-1.169590643,0.574595403,-1.710220651,0.048495685
6/1/2007,101.1,-0.295857988,-1.26953125,-0.099940607,-1.743295723,-0.033075072
7/1/2007,100.9,-0.197823937,-1.078431373,0.191099877,-1.568766974,0.174528749
8/1/2007,100.4,-0.495540139,-1.27826942,-0.199838047,-1.411441507,0.157325467
9/1/2007,99.8,-0.597609562,-1.771653543,-0.493384123,-1.385277046,0.026164461
10/1/2007,99.2,-0.601202405,-2.266009852,-0.494356309,-1.47224768,-0.086970634
11/1/2007,98.3,-0.907258065,-2.865612648,-0.599602796,-1.754918014,-0.282670334
12/1/2007,97.3,-1.017293998,-4.232283465,-1.366670816,-2.24871005,-0.493792036
1/1/2008,96.3,-1.027749229,-4.935834156,-0.703550691,-2.891610514,-0.642900464
2/1/2008,95.2,-1.142263759,-5.928853755,-0.993019599,-3.666707903,-0.775097389
3/1/2008,93.8,-1.470588235,-7.767944936,-1.839091181,-4.666089802,-0.999381899
4/1/2008,93.2,-0.639658849,-8.08678501,-0.318840074,-5.636218995,-0.970129193
5/1/2008,92.4,-0.858369099,-8.875739645,-0.788954635,-6.637906828,-1.001687833
6/1/2008,91.8,-0.649350649,-9.198813056,-0.323073411,-7.46566176,-0.827754932
7/1/2008,89.6,-2.396514161,-11.19920714,-2.000394079,-8.509557256,-1.043895497
8/1/2008,88.6,-1.116071429,-11.75298805,-0.553780912,-9.480246305,-0.970689049
9/1/2008,86.7,-2.144469526,-13.12625251,-1.373264457,-10.37329757,-0.893051261
10/1/2008,83.8,-3.344867359,-15.52419355,-2.397941043,-11.61286566,-1.23956809
11/1/2008,81.4,-2.863961814,-17.19226857,-1.668075017,-12.99895381,-1.386088153
12/1/2008,79,-2.948402948,-18.80781089,-1.615542329,-14.60045345,-1.60149964
1/1/2009,77.4,-2.025316456,-19.62616822,-0.81835733,-16.00494696,-1.404493515
2/1/2009,76.3,-1.42118863,-19.85294118,-0.226772952,-17.35493915,-1.349992188
3/1/2009,74.9,-1.834862385,-20.14925373,-0.296312555,-18.52543936,-1.170500204
4/1/2009,75.1,0.267022697,-19.42060086,0.728652873,-19.17484058,-0.649401218
5/1/2009,75.4,0.399467377,-18.3982684,1.02233246,-19.37584055,-0.200999972
6/1/2009,76,0.795755968,-17.21132898,1.186939422,-19.10976023,0.26608032
7/1/2009,76.5,0.657894737,-14.62053571,2.590793262,-18.27548814,0.834272085
8/1/2009,77.2,0.91503268,-12.86681716,1.753718559,-17.11113414,1.164354003
9/1/2009,77.9,0.906735751,-10.14994233,2.716874826,-15.44458224,1.6665519
10/1/2009,78.3,0.513478819,-6.563245823,3.586696506,-13.30168973,2.142892506
11/1/2009,79.1,1.021711367,-2.825552826,3.737692998,-10.70623714,2.595452595
12/1/2009,79.9,1.011378003,1.139240506,3.964793332,-7.64780889,3.058428247
1/1/2010,80.4,0.625782228,3.875968992,2.736728486,-4.565058106,3.082750784
2/1/2010,80.4,0,5.373525557,1.497556565,-1.525000987,3.040057119
3/1/2010,81.7,1.616915423,9.078771696,3.705246139,1.679784684,3.204785671
4/1/2010,82.1,0.489596083,9.320905459,0.242133764,4.327143231,2.647358547
5/1/2010,82.4,0.365408039,9.283819629,-0.037085831,6.345371973,2.018228742
6/1/2010,82.4,0,8.421052632,-0.862766997,7.559007327,1.213635354
7/1/2010,82.5,0.121359223,7.843137255,-0.577915377,8.220202038,0.66119471
8/1/2010,82.7,0.242424242,7.124352332,-0.718784923,8.5120065,0.291804462
9/1/2010,83.2,0.604594921,6.803594352,-0.32075798,8.132810276,-0.379196224
10/1/2010,83.1,-0.120192308,6.130268199,-0.673326152,7.6010374,-0.531772877
11/1/2010,83.9,0.962695548,6.068268015,-0.062000184,7.065112131,-0.535925269
12/1/2010,84.9,1.191895113,6.257822278,0.189554263,6.704573738,-0.360538392
1/1/2011,84.9,0,5.597014925,-0.660807352,6.330220017,-0.374353722
2/1/2011,85.6,0.824499411,6.467661692,0.870646766,6.220771577,-0.10944844
3/1/2011,86.4,0.934579439,5.752753978,-0.714907714,6.045631515,-0.175140062
4/1/2011,86.4,0,5.237515225,-0.515238753,5.896839352,-0.148792162
5/1/2011,87,0.694444444,5.582524272,0.345009047,5.815882062,-0.080957291
6/1/2011,87,0,5.582524272,0,5.703332394,-0.112549668
7/1/2011,87.4,0.459770115,5.939393939,0.356869668,5.760395563,0.057063169
8/1/2011,86.8,-0.686498856,4.957678356,-0.981715584,5.508731674,-0.251663889
9/1/2011,86.4,-0.460829493,3.846153846,-1.111524509,5.190964985,-0.317766689
10/1/2011,87,0.694444444,4.693140794,0.846986948,5.100235913,-0.090729072
11/1/2011,87.1,0.114942529,3.814064362,-0.879076432,4.805492595,-0.294743318
12/1/2011,87.5,0.45924225,3.062426384,-0.751637978,4.38547628,-0.420016315
1/1/2012,87.7,0.228571429,3.297997644,0.23557126,3.945243564,-0.440232716
2/1/2012,88.3,0.684150513,3.154205607,-0.143792037,3.644664773,-0.300578791
3/1/2012,88.6,0.339750849,2.546296296,-0.607909311,3.428021848,-0.216642925
4/1/2012,88.4,-0.225733634,2.314814815,-0.231481481,3.031634185,-0.396387663
5/1/2012,88.5,0.113122172,1.724137931,-0.590676884,2.683313113,-0.348321072
6/1/2012,88.1,-0.451977401,1.264367816,-0.459770115,2.383636685,-0.299676428
7/1/2012,88.3,0.227014756,1.029748284,-0.234619532,2.005595125,-0.37804156
8/1/2012,87.9,-0.453001133,1.267281106,0.237532822,1.691107708,-0.314487417
9/1/2012,88.3,0.455062571,2.199074074,0.931792968,1.633237338,-0.05787037
10/1/2012,88.5,0.226500566,1.724137931,-0.474936143,1.53479119,-0.098446147
11/1/2012,88.4,-0.11299435,1.492537313,-0.231600618,1.496191087,-0.038600103
12/1/2012,88.8,0.452488688,1.485714286,-0.006823028,1.533082166,0.036891078
1/1/2013,89.3,0.563063063,1.824401368,0.338687083,1.665524346,0.132442181
2/1/2013,89.5,0.223964166,1.359003398,-0.465397971,1.680811395,0.015287049
3/1/2013,89.3,-0.223463687,0.79006772,-0.568935677,1.445977003,-0.234834392
4/1/2013,89.8,0.559910414,1.583710407,0.793642687,1.422572415,-0.023404587
5/1/2013,90.1,0.334075724,1.807909605,0.224199197,1.475134464,0.052562049
6/1/2013,90.2,0.110987791,2.383654938,0.575745333,1.624791239,0.149656775
7/1/2013,90.4,0.22172949,2.378255946,-0.005398992,1.717100335,0.092309096
8/1/2013,90.9,0.553097345,3.412969283,1.034713338,2.059427983,0.342327648
9/1/2013,91.7,0.880088009,3.850509626,0.437540343,2.569501634,0.510073651
10/1/2013,91.7,0,3.615819209,-0.234690417,2.908186434,0.3386848
11/1/2013,92.6,0.981461287,4.751131222,1.135312013,3.398723371,0.490536936
12/1/2013,92.6,0,4.279279279,-0.471851942,3.714660761,0.31593739
1/1/2014,92.7,0.107991361,3.807390817,-0.471888462,3.952849906,0.238189145
2/1/2014,93.3,0.647249191,4.245810056,0.438419238,4.091656702,0.138806795
3/1/2014,94.2,0.964630225,5.48712206,1.241312005,4.364425441,0.272768739
4/1/2014,94.3,0.106157113,5.011135857,-0.475986203,4.596978215,0.232552775
5/1/2014,94.8,0.530222694,5.216426193,0.205290336,4.674527377,0.077549162
6/1/2014,95.5,0.738396624,5.875831486,0.659405292,4.940619412,0.266092034
7/1/2014,96,0.523560209,6.194690265,0.31885878,5.338502653,0.397883241
8/1/2014,96.1,0.104166667,5.720572057,-0.474118208,5.58429632,0.245793667
9/1/2014,96.8,0.728407908,5.561613959,-0.158958099,5.596711636,0.012415316
10/1/2014,97,0.20661157,5.779716467,0.218102508,5.724808404,0.128096768
11/1/2014,97.3,0.309278351,5.075593952,-0.704122514,5.701336364,-0.02347204
12/1/2014,97.9,0.616649538,5.723542117,0.647948164,5.675954803,-0.025381561
1/1/2015,97.9,0,5.609492988,-0.114049128,5.578421923,-0.09753288
2/1/2015,98,0.102145046,5.037513398,-0.57197959,5.464578813,-0.11384311
3/1/2015,98.4,0.408163265,4.458598726,-0.578914672,5.280742941,-0.183835872
4/1/2015,98.8,0.406504065,4.772004242,0.313405516,5.112790904,-0.167952037
5/1/2015,99.2,0.4048583,4.641350211,-0.130654031,5.040416947,-0.072373957
6/1/2015,99.8,0.60483871,4.502617801,-0.13873241,4.836929561,-0.203487386
7/1/2015,99.4,-0.400801603,3.541666667,-0.960951134,4.492291841,-0.34463772
8/1/2015,99.4,0,3.433922997,-0.10774367,4.225026774,-0.267265067
9/1/2015,99.4,0,2.685950413,-0.747972584,3.929585388,-0.295441385
10/1/2015,99.7,0.301810865,2.783505155,0.097554741,3.598168874,-0.331416515
11/1/2015,100.1,0.401203611,2.877697842,0.094192687,3.304226812,-0.293942062
12/1/2015,100,-0.0999001,2.145045965,-0.732651876,2.911298173,-0.392928639
1/1/2016,99.3,-0.7,1.430030644,-0.715015322,2.559358836,-0.351939337
2/1/2016,99.4,0.100704935,1.428571429,-0.001459215,2.225133574,-0.334225261
3/1/2016,99.4,0,1.016260163,-0.412311266,1.946851866,-0.278281708
4/1/2016,99.7,0.301810865,0.910931174,-0.105328989,1.634756203,-0.312095663
5/1/2016,99.6,-0.100300903,0.403225806,-0.507705368,1.222344197,-0.412412006
6/1/2016,99.9,0.301204819,0.100200401,-0.303025406,0.881536603,-0.340807594
7/1/2016,100.2,0.3003003,0.804828974,0.704628573,0.777336324,-0.104200278
8/1/2016,100.2,0,0.804828974,0,0.673379249,-0.103957076
9/1/2016,100.5,0.299401198,1.106639839,0.301810865,0.688442528,0.015063279
10/1/2016,100.3,-0.199004975,0.601805416,-0.504834423,0.636921568,-0.05152096
11/1/2016,100.5,0.199401795,0.3996004,-0.202205017,0.636317334,-0.000604234
12/1/2016,101,0.497512438,1,0.6003996,0.786283934,0.1499666
1/1/2017,101.7,0.693069307,2.416918429,1.416918429,1.05496551,0.268681576
2/1/2017,102.1,0.393313668,2.716297787,0.299379358,1.373543645,0.318578135
3/1/2017,102.5,0.391772772,3.118712274,0.402414487,1.708889051,0.335345406
4/1/2017,102.6,0.097560976,2.908726179,-0.209986095,2.093375845,0.384486794
5/1/2017,103,0.389863548,3.413654618,0.50492844,2.595718214,0.50234237
6/1/2017,103.6,0.582524272,3.703703704,0.290049085,3.046335498,0.450617284
7/1/2017,103.8,0.193050193,3.592814371,-0.110889332,3.242318155,0.195982657
8/1/2017,104.1,0.289017341,3.892215569,0.299401198,3.438304452,0.195986297
9/1/2017,104.3,0.192122959,3.781094527,-0.111121041,3.548701495,0.110397042
10/1/2017,105.6,1.246404602,5.284147557,1.50305303,3.944605058,0.395903563
11/1/2017,106.1,0.473484848,5.572139303,0.287991746,4.304352505,0.359747448
12/1/2017,106.7,0.565504241,5.643564356,0.071425053,4.627662614,0.323310109
1/1/2018,107.3,0.562324274,5.506391347,-0.137173009,4.94659211,0.318929496
2/1/2018,108,0.652376514,5.778648384,0.272257037,5.260997579,0.314405469
3/1/2018,108.4,0.37037037,5.756097561,-0.022550823,5.590164752,0.329167172
4/1/2018,108.9,0.461254613,6.140350877,0.384253316,5.732865305,0.142700553
5/1/2018,108.9,0,5.72815534,-0.412195537,5.758867978,0.026002673
6/1/2018,109.6,0.642791552,5.791505792,0.063350452,5.783524883,0.024656906
7/1/2018,110.3,0.638686131,6.262042389,0.470536598,5.909466724,0.12594184
8/1/2018,110.5,0.181323663,6.147934678,-0.114107711,5.971014439,0.061547716
9/1/2018,111.2,0.633484163,6.615532119,0.467597441,6.114253532,0.143239093
10/1/2018,111.1,-0.089928058,5.208333333,-1.407198786,5.958917275,-0.155336257
11/1/2018,111.1,0,4.712535344,-0.495797989,5.789647276,-0.169269999
12/1/2018,111.1,0,4.12371134,-0.588824004,5.511681534,-0.277965742
1/1/2019,111,-0.090009001,3.448275862,-0.675435478,5.042720446,-0.468961088
2/1/2019,111.1,0.09009009,2.87037037,-0.577905492,4.496459728,-0.546260718
3/1/2019,111.5,0.360036004,2.859778598,-0.010591773,3.870500808,-0.62595892
4/1/2019,111.5,0,2.387511478,-0.472267119,3.400363832,-0.470136976
5/1/2019,111.4,-0.089686099,2.295684114,-0.091827365,2.997555294,-0.402808538
6/1/2019,111.5,0.089766607,1.733576642,-0.562107472,2.599199511,-0.398355783
7/1/2019,112,0.448430493,1.541251133,-0.192325509,2.281362056,-0.317837455
8/1/2019,111.8,-0.178571429,1.176470588,-0.364780545,1.999045426,-0.28231663
9/1/2019,111.7,-0.089445438,0.449640288,-0.7268303,1.597355707,-0.401689718
10/1/2019,111.4,-0.268576544,0.270027003,-0.179613285,1.244441628,-0.352914079
11/1/2019,111.6,0.179533214,0.450045005,0.180018002,0.93683511,-0.307606518
12/1/2019,111.4,-0.17921147,0.270027003,-0.180018002,0.69291017,-0.24392494
1/1/2020,112,0.538599641,0.900900901,0.630873898,0.586185131,-0.106725039
2/1/2020,111.9,-0.089285714,0.720072007,-0.180828894,0.510118701,-0.07606643
3/1/2020,103.4,-7.596067918,-7.264573991,-7.984645998,-0.775583679,-1.28570238
4/1/2020,96.8,-6.382978723,-13.1838565,-5.919282511,-3.017897596,-2.242313917
5/1/2020,99.8,3.099173554,-10.41292639,2.770930111,-4.828392829,-1.810495233
6/1/2020,102.8,3.006012024,-7.802690583,2.610235808,-6.17384576,-1.345452931
7/1/2020,104.9,2.042801556,-6.339285714,1.463404869,-7.380543529,-1.206697769
8/1/2020,106.5,1.525262154,-4.740608229,1.598677485,-8.290656902,-0.910113373
9/1/2020,107.5,0.938967136,-3.76007162,0.980536609,-7.706573173,0.584083728
10/1/2020,108.2,0.651162791,-2.872531418,0.887540202,-5.988018993,1.718554181
11/1/2020,109.2,0.924214418,-2.150537634,0.721993784,-4.6109542,1.377064793
12/1/2020,109.6,0.366300366,-1.615798923,0.534738712,-3.57980559,1.03114861
1/1/2021,110.1,0.45620438,-1.696428571,-0.080629649,-2.805996066,0.773809524
2/1/2021,110.1,0,-1.608579088,0.087849483,-2.283991209,0.522004857
3/1/2021,111.6,1.36239782,7.930367505,9.538946593,-0.335584688,1.948406521
4/1/2021,113,1.254480287,16.73553719,8.805169685,2.932426746,3.268011435
5/1/2021,114.5,1.327433628,14.72945892,-2.006078272,5.745759505,2.813332759
6/1/2021,115.1,0.524017467,11.96498054,-2.764478373,8.00922275,2.263463245
7/1/2021,116,0.781928758,10.5815062,-1.383474348,10.05554521,2.046322461
8/1/2021,117.1,0.948275862,9.953051643,-0.628454553,11.98248367,1.926938455
9/1/2021,117.5,0.341588386,9.302325581,-0.650726062,12.21114335,0.228659679
10/1/2021,118.3,0.680851064,9.334565619,0.032240038,10.97764808,-1.233495262
11/1/2021,119.9,1.35249366,9.798534799,0.463969179,10.1558274,-0.821820687
12/1/2021,120.8,0.750625521,10.2189781,0.420443304,9.86482699,-0.291000407